chr,8,12,8,12,6,1,1,4,12,8,11,1
pos,8235552,10798985,19426777,22338078,9683815,29513462,24957499,22833825,1320452,24216018,20520433,41320265
Type,SNP1,SNP2,SNP3,SNP4,SNP5,SNP6,SNP7,SNP8,SNP9,SNP10,SNP11,SNP12
43--Cek INPARI 1,AA,AG,AA,AA,AT,AA,GG,GG,AA,GG,AA,CC
Celebes,AG,AG,AA,AT,AT,AA,AG,AG,AG,GG,AG,CC
Ciherang (kontrol indica),AA,AA,AA,AA,TT,AA,GG,GG,AA,GG,AG,CC
Fatmawati,AA,AG,AA,TT,AA,AA,GG,AA,AA,GG,AA,CC
Inpago 4,AA,GG,AA,AA,AA,AA,GG,GG,AA,GG,GG,CC
Inpago 7,--,--,AA,TT,AA,AA,GG,GG,AA,AA,AA,AA
Inpago5,GG,GG,AA,TT,AA,AG,GG,GG,GG,GG,GG,CC
Inpago8,AA,GG,AA,AA,AA,AG,GG,GG,AA,GG,--,CC
Inpari 1_6924950059_R08C01,AA,AA,AA,AA,TT,AA,GG,GG,AA,GG,AA,CC
Inpari 1_6924950097_R04C03,AA,GG,AA,AA,TT,AA,GG,AG,AA,GG,AG,CC
Inpari13_6924950033_R04C04,AG,AA,AA,AT,AA,AG,GG,AG,AG,GG,AA,CC
Inpari13_6924950074_R01C01,AG,GG,AA,AT,AT,AG,GG,AG,AG,GG,AG,CC
Inpari6,AA,AG,AA,AA,AA,AA,GG,GG,AA,GG,AA,CC
Cisantana,GG,GG,TT,AA,TT,AA,GG,GG,AA,GG,AA,CC
Ciujung,AA,GG,AA,AA,AA,AA,GG,AA,AA,GG,AA,CC
Code,GG,GG,AA,AA,TT,AA,GG,GG,AA,GG,AA,CC
Ins-IR64,GG,AA,AA,TT,TT,GG,GG,GG,AA,GG,--,CC
IR 64 (kontrol indica),GG,GG,AA,AA,TT,AA,GG,GG,AA,GG,AA,CC
IR-64,GG,GG,AA,AA,TT,AA,GG,GG,AA,GG,AA,CC
49--Cek IR64,AA,AA,AA,AA,TT,AA,GG,GG,AA,GG,AA,CC
Ins-Situbagendit,GG,AA,AA,TT,TT,GG,GG,GG,AA,GG,--,CC
Gilirang,AA,GG,AA,TT,TT,AA,GG,AA,AA,GG,AA,CC
Silugonggo,AA,GG,AT,AT,AT,AG,GG,GG,AG,GG,--,CC
Sintanur_6924950057_R03C01,AA,--,AA,TT,AA,AA,GG,AA,AA,GG,AA,CC
Sintanur_6924950086_R02C01,GG,GG,AA,AA,AA,AG,GG,AA,AA,GG,--,CC
Lusi,AA,AG,AA,TT,AA,AA,GG,AA,AA,GG,AA,CC
Dodokan,AG,GG,AA,AA,AA,AA,GG,GG,GG,GG,--,CC
OM 2395,AA,GG,AA,AA,AA,AA,GG,GG,AG,GG,AA,CC
OM 4495,AG,AG,AA,TT,AT,AA,GG,AG,AA,GG,GG,CC
OM 5240,AA,GG,AA,TT,AA,AA,GG,GG,AA,GG,AA,CC
IKN-15-1-3,GG,AA,AA,TT,TT,GG,GG,GG,AA,GG,GG,CC
IKN-26-1-3,GG,GG,AA,AA,TT,GG,GG,GG,AA,GG,GG,CC
IKN-3-3-1,GG,AA,AA,AA,AA,GG,GG,GG,AG,GG,GG,CC
IKN-39-1-3,GG,GG,AA,AA,TT,AG,GG,GG,AA,GG,--,CC
IKN-4-1-1,GG,AA,AA,TT,TT,GG,GG,GG,AG,GG,GG,CC
FIR.32-1-1,GG,AG,AA,TT,AT,AG,GG,GG,AG,GG,AA,CC
FKN.B-37-1,GG,GG,AA,AA,AA,AG,GG,AA,AA,GG,--,CC
FKN.B-38-1,AA,AA,AA,TT,AA,AG,GG,GG,GG,GG,--,CC
FKN-41-8-1,AA,AG,AA,TT,AA,AA,GG,AA,AA,GG,AA,CC
FKN-47-1-1,GG,GG,AA,AA,TT,AG,GG,GG,AA,GG,--,CC
FKN-50-2-1,AA,GG,AA,TT,TT,AG,GG,GG,GG,GG,--,CC
FKN-56-1-1,GG,GG,AA,TT,TT,AA,GG,GG,GG,GG,AA,AA
FKN-56-1-2,--,GG,AA,AA,AA,AG,GG,GG,AA,GG,--,CC
FWS.B-35-1,GG,GG,AA,TT,TT,GG,GG,GG,AA,GG,AA,AA
FWS.B-40-1,GG,GG,AA,TT,TT,AA,GG,GG,AA,GG,GG,AA
FWS-22-2-2,GG,AA,AA,TT,AA,GG,AG,GG,AA,GG,AA,CC
FWS-3-2-3,GG,AA,AA,TT,AT,GG,GG,GG,GG,GG,GG,AA
FWS-4-1-3,AA,GG,AA,TT,AA,AG,GG,GG,AA,GG,--,CC
IWS-27-1-1,GG,GG,AA,AA,TT,AG,GG,GG,AA,GG,--,CC
IRHS12-1-1,GG,GG,AA,TT,AA,AA,GG,AA,AA,GG,AA,CC
IRHS12-14-1,AA,GG,AA,TT,AA,GG,GG,AA,AA,GG,--,CC
IRHS12-2-1,GG,GG,AA,AT,AT,AA,GG,GG,AA,GG,--,AC
PK18,AA,AA,AA,--,AT,AA,GG,GG,AA,GG,AG,CC
IR40750-82-2-2-3,AA,--,AA,--,--,AA,GG,--,AA,--,--,AC
IR53942,AA,AG,AA,TT,AT,AA,GG,AG,GG,GG,AG,CC
B10970C-MR-4-2-1-1-1-Si-3-2-4-2-1,AA,GG,AA,AA,AA,AA,GG,GG,AA,GG,AA,CC
B11283-6C-PN-5-MR-2-3-Si-1-2-1-1,GG,GG,AA,AA,AA,AA,GG,GG,AA,GG,AA,CC
B11283-6C-PN-5-MR-2-3-Si-1-3-1-1,AA,AA,AA,TT,TT,AA,GG,AG,AA,GG,AA,CC
B11742-RS-2-3-MR-34-1-1-3,GG,GG,AA,AT,AT,AG,GG,GG,AA,GG,--,CC
B11742-RS-2-3-MR-34-1-1-4,AA,GG,AA,TT,AA,AG,GG,GG,AA,GG,--,CC
B11742-RS-2-3-MR-34-1-1-5,AG,GG,AA,TT,AA,AG,GG,GG,AA,GG,--,CC
B11742-RS-2-3-MR-34-1-2-1,AA,GG,AA,TT,AA,AA,GG,GG,AA,GG,AA,CC
B11742-RS-2-3-MR-34-1-2-3,AG,GG,AA,TT,AA,AG,GG,GG,AA,GG,--,CC
B11742-RS-2-3-MR-34-1-4-1,AA,AG,--,TT,TT,AG,AG,AG,AG,GG,AA,CC
PB5,AA,GG,AA,TT,TT,AA,GG,AA,AA,GG,AA,CC
S4325D-1-2-3-1,AA,AA,AA,--,AA,AA,GG,GG,AA,AG,--,CC
BP51-1,--,--,AA,TT,AT,--,GG,--,AG,--,--,--
IR 7114-6-407-2-1-2-1-1,AG,AG,AA,TT,TT,AA,GG,AG,AA,GG,GG,CC
IR30,AA,AG,AA,TT,TT,AA,GG,AA,AA,GG,AA,CC
IR54,GG,GG,AA,AA,AA,AA,GG,GG,AA,GG,AG,CC
IR74,AA,AG,AA,TT,AA,AA,GG,GG,AA,GG,AG,CC
IR81493-B-B-B-6-B-2-1-2,AA,AA,AA,TT,AA,AG,GG,GG,GG,GG,--,CC
IR83290-2-3-3-1,AA,--,AA,TT,TT,AA,GG,--,GG,GG,AA,CC
IR83296-20-2-3-3,AA,GG,AA,AA,TT,AA,GG,GG,--,GG,AA,CC
IR83304-608-2-2-13,AA,GG,AA,AA,TT,AA,GG,GG,AA,GG,AA,CC
IR83415-5-B-12-2-1,AA,GG,AA,TT,TT,AA,GG,GG,GG,GG,AA,CC
IR83742-15-3-2-3-2,GG,GG,AA,AA,TT,AA,GG,GG,GG,GG,AA,CC
IR83821-12-3-2-2,GG,GG,TT,AA,TT,AG,GG,GG,AA,GG,--,CC
IR83821-16-2-3-2,AA,GG,AA,AT,AA,GG,GG,GG,AA,GG,--,CC
IR83821-6-1-1-3,AA,GG,AA,AA,AA,AG,GG,GG,AA,GG,--,CC
IR83832-11-2-2-3,AA,GG,AA,AA,TT,AA,GG,GG,GG,GG,AG,CC
IR83832-26-2-1-2,AA,AG,AA,TT,TT,--,GG,GG,GG,GG,AA,CC
IR83832-3-1-3-2,GG,GG,AA,AA,TT,--,GG,GG,GG,GG,AA,CC
IR83856-29-3-3-2,AA,GG,AA,TT,AA,AG,GG,AA,AA,GG,--,CC
IR83860-20-1-3-2,GG,GG,AA,AA,AA,AG,GG,GG,AA,GG,--,CC
IR83860-23-2-2-3,AA,AG,AA,AA,AA,AA,GG,GG,AA,GG,AA,CC
IR83860-38-3-3-3,GG,GG,AA,AA,AA,AG,GG,GG,AA,GG,--,CC
IR84734-112-2-3-2,AA,GG,AA,AA,AA,AA,GG,GG,AA,GG,AA,CC
IR84831-75-1-1-1,GG,GG,AA,TT,TT,AA,GG,GG,AA,GG,AA,CC
IR84837-53-2-3-3,AA,GG,AA,TT,AA,AG,GG,AA,AA,GG,--,CC
IR84941-12-1-2,AA,AA,AA,AA,AA,AA,GG,AG,AG,GG,AA,CC
IRRI104,AA,--,AA,AT,AA,AA,GG,GG,AA,GG,--,CC
IRRI105,AA,GG,AA,--,AT,AA,GG,GG,AA,GG,--,CC
IRRI128,AA,GG,AA,AT,AT,AA,GG,GG,AA,GG,--,CC
IRRI13,GG,GG,AA,TT,AA,AA,GG,AA,AA,GG,AA,CC
IRRI14,GG,GG,AA,AA,AA,AA,GG,GG,AA,GG,AA,CC
IRRI156,AA,AG,AA,AA,AA,AA,GG,GG,AA,AG,AA,CC
IRRI15B,AA,GG,AA,AT,AA,AA,GG,AG,AA,GG,AA,CC
IRRI176,AG,AG,AA,AA,AT,AA,GG,AG,AG,AG,AG,AC
IRRI179,--,GG,AA,AT,--,AA,GG,GG,AA,--,--,--
IRRI182,GG,AA,AA,AA,AA,AA,GG,GG,AA,GG,--,CC
IRRI183,GG,GG,AA,AA,AT,AA,GG,GG,AA,GG,--,CC
IRRI190,AA,AG,AA,AA,AA,AA,GG,GG,AA,AG,AA,CC
IRRI195,AA,GG,AA,--,--,AA,GG,--,AA,--,--,CC
IRRI-21,GG,GG,AA,TT,TT,GG,GG,GG,AA,AA,--,CC
IRRI22,AA,GG,AA,TT,TT,AA,GG,GG,AA,GG,AA,CC
IRRI237,AA,AG,AA,AA,AT,AA,GG,GG,AA,GG,AG,CC
IRRI242,GG,--,AA,AA,AA,AA,GG,GG,AA,GG,AA,CC
IRRI25,AA,GG,AA,AA,AA,AA,GG,GG,GG,GG,AA,CC
IRRI269,AA,--,AA,AA,--,AA,GG,--,AA,--,--,CC
IRRI270,AA,--,AA,--,--,AA,GG,--,GG,--,--,CC
IRRI273,AA,--,AA,AT,AA,AA,AG,GG,--,AG,AA,CC
IRRI286,GG,AA,AA,--,AA,GG,GG,GG,AA,AA,--,AA
IRRI287,AA,AA,AA,--,AA,AA,GG,GG,AA,GG,AG,CC
IRRI289,AG,AG,AA,AT,AA,AA,GG,GG,AA,GG,--,CC
IRRI293,GG,GG,AA,--,AA,AA,GG,GG,AA,GG,--,CC
IRRI312,AA,GG,AA,AA,AA,AA,GG,GG,AA,GG,AA,CC
IRRI-313,GG,AG,AA,AT,--,AA,GG,GG,AA,GG,--,CC
IRRI321B,AA,GG,AA,--,AA,AA,GG,GG,AA,GG,--,CC
IRRI333,GG,GG,AA,TT,AA,AA,GG,GG,GG,AA,--,CC
IRRI336B,--,AA,AA,AT,--,AA,GG,GG,AA,GG,--,CC
IRRI347,GG,GG,AA,--,--,AA,GG,AA,AA,GG,--,CC
IRRI351,GG,AA,AA,AT,TT,AA,GG,GG,AA,GG,--,CC
IRRI-48,GG,GG,AA,TT,TT,AG,GG,GG,GG,GG,--,AA
IRRI-5,AA,GG,AA,AA,AA,AG,GG,GG,AA,GG,--,CC
IRRI64,AA,GG,AA,AA,AA,AA,GG,GG,AA,GG,AA,CC
IRRI66,GG,AA,AA,--,AA,GG,GG,GG,AA,GG,--,AA
IRRI68,GG,GG,AA,--,AT,GG,GG,GG,AA,GG,--,AA
IRRI70,AA,GG,AA,AT,AA,AA,GG,GG,AA,GG,--,CC
IRRI292,AA,--,AA,--,--,AA,GG,--,AA,--,--,CC
IRRI335,GG,GG,AA,--,--,AA,GG,GG,AA,AG,--,CC
IRRI360,GG,GG,AA,AA,--,AA,GG,GG,AA,AG,--,CC
IRRI-72,GG,GG,AA,TT,TT,AG,GG,GG,AA,GG,--,AA
IRRI82,AA,GG,AA,AA,AA,AA,GG,GG,AA,GG,--,CC
IRRI99,AA,GG,AA,AA,AA,AA,GG,GG,AA,GG,AA,CC
BP 1979B-23-7-TB-1-1,GG,GG,AA,AA,AA,AG,GG,GG,GG,GG,--,CC
BPI 76,AA,--,AA,TT,TT,AA,GG,AA,AA,GG,GG,CC
17--Bio148-Mamol-Dro,AA,AG,AA,AA,AA,AA,GG,GG,AA,GG,AA,CC
19--Bio150-Mamol-Dro,AA,AG,AA,AA,AA,AA,GG,GG,AG,GG,AA,CC
20--Bio151-Mamol-Dro,AA,AG,AA,AA,TT,--,GG,AG,AG,GG,AA,CC
21--Bio152-Mamol-Dro,GG,GG,AT,TT,AT,AG,GG,GG,GG,GG,GG,AC
22--Bio153-Mamol-Dro,GG,AG,AA,AA,TT,--,GG,GG,AA,GG,AA,CC
24--Bio157-Mamol-Dro,AG,GG,AA,TT,TT,GG,GG,GG,AA,AA,GG,AA
25--Bio158-Mamol-Dro,AA,AG,AA,TT,AA,AA,GG,AA,AA,GG,AA,CC
10a--Bio141-AC-Blas(A),GG,AG,AA,TT,AA,AA,GG,GG,AG,GG,GG,AA
10b--Bio141-AC-Blas(B),GG,AA,AA,TT,AT,AG,GG,AG,AA,GG,AA,CC
1--Bio132-AC-Blas,GG,GG,AA,AA,TT,AA,AA,GG,AA,GG,AA,CC
15--Bio146-AC-Blas,GG,AA,AA,TT,AA,GG,GG,GG,AA,GG,AA,CC
Ins11-76,AA,AG,AA,AA,AA,AA,GG,GG,AG,GG,AA,CC
Ins12-79,AA,AA,AA,TT,AA,AA,GG,GG,GG,GG,GG,CC
Ins13-80,AA,GG,AA,AA,AA,AA,GG,GG,AA,GG,AA,CC
Ins1-4,AA,AA,AA,TT,AA,AA,GG,GG,AA,GG,AA,CC
Ins14-82,AA,AA,AA,TT,AA,AA,GG,GG,GG,GG,AA,CC
Ins15-88,AA,AA,AA,TT,AA,AA,GG,GG,GG,GG,GG,CC
Ins16-89,AA,AA,AA,TT,AA,AA,GG,GG,GG,GG,GG,CC
Ins17-95,AG,AG,AT,AA,AT,AG,GG,AG,AG,AG,AG,CC
Ins18-105,GG,GG,AA,AA,TT,AA,GG,AA,AA,GG,AA,CC
Ins20-107,AA,AG,AA,AA,AA,AA,GG,AG,GG,GG,AA,CC
Ins21-123,AA,AA,AA,TT,AA,AA,GG,GG,AA,GG,GG,CC
Ins22-124,AG,AG,AA,AT,TT,AA,GG,GG,AG,GG,AA,CC
Ins23-129,GG,GG,AA,AA,TT,AA,GG,AA,AA,GG,AA,CC
Ins24-136,AA,AA,AA,TT,AA,AA,GG,GG,GG,GG,AA,CC
Ins2-5,AA,AA,AA,TT,AA,AA,GG,GG,AA,GG,AA,CC
Ins25-143,AA,AA,AA,TT,AA,AA,GG,GG,AG,GG,GG,CC
Ins26-189,AA,AA,AA,TT,AA,AA,GG,GG,AA,GG,GG,CC
Ins27-194,AA,GG,AA,TT,AA,AG,GG,GG,AA,GG,--,CC
Ins28-195,GG,AG,AA,AT,TT,AA,GG,GG,AA,GG,AA,CC
Ins29-208,AA,AA,AA,TT,AA,AA,GG,GG,GG,GG,AA,CC
Ins30-211,AA,AA,AA,TT,AA,AA,GG,GG,AA,GG,GG,CC
Ins31-216,AA,AA,AA,TT,AA,AA,GG,GG,AA,GG,GG,CC
Ins3-28,AA,AA,AA,TT,AA,AA,GG,GG,AA,GG,GG,CC
Ins4-29,AA,GG,AA,AA,AA,AG,GG,GG,AA,GG,--,CC
Ins5-30,AA,AA,AA,TT,AA,AA,GG,GG,AA,GG,AA,CC
Ins6-32,AA,AG,AA,TT,AA,AA,GG,GG,AA,GG,AA,CC
Ins7-35,AA,GG,AA,AT,AT,AA,GG,AG,AA,GG,AA,CC
Ins8-36,AG,AA,AA,AT,AT,AA,GG,GG,AA,GG,AA,CC
Ins9-54,GG,GG,AA,AA,TT,AA,GG,GG,AG,GG,AA,CC
Ins32-228,AA,AA,AA,TT,AA,AA,GG,GG,AA,GG,AA,CC
4--Bio135-AC-Blas,GG,AG,AA,AA,TT,--,GG,GG,AG,GG,AA,CC
6--Bio137-AC-Blas,AA,AG,AA,TT,AA,AA,GG,AA,AA,GG,AA,CC
7--Bio138-AC-Blas,GG,GG,AA,TT,TT,GG,GG,GG,GG,GG,--,AA
8--Bio139-AC-Blas,GG,AG,AA,TT,AT,GG,GG,GG,GG,GG,--,AC
9--Bio140-AC-Blas,GG,GG,AA,AA,TT,AA,GG,AA,AA,GG,AA,CC
29a--Bio5-AC-Blas/BLB03(A),GG,--,AA,AA,TT,AA,GG,GG,GG,GG,AA,CC
29b--Bio5-AC-Blas/BLB03(B),GG,GG,AA,AT,TT,AG,GG,GG,AA,GG,--,CC
34--Bio44-AC-Blas/BLB03,AA,AA,AT,AA,AA,AG,GG,AG,AG,AG,AA,CC
35--Bio85-AC-BlLB05,AA,AG,AA,AA,AT,AA,GG,AG,AG,GG,AA,CC
36--Bio98-AC-Blas/BLB03,GG,GG,AA,TT,TT,AA,GG,GG,--,GG,GG,AA
CT 13432,AA,AA,AA,AA,TT,AA,GG,GG,AA,GG,AA,CC
IRBL1-CL,--,--,AA,TT,TT,GG,GG,GG,AA,AA,GG,AA
IRBL3-CP4,--,--,AA,TT,TT,GG,GG,GG,AA,AA,GG,AA
IRBL5-M,AA,GG,AA,--,--,AA,GG,GG,GG,GG,--,CC
IRBLa-C,AA,GG,AA,AA,TT,AA,GG,AA,AA,GG,AA,CC
IRBLi-F5,--,--,AT,TT,AA,AG,GG,GG,AG,GG,--,--
IRBLkm-Ts,GG,--,AA,--,AA,AA,GG,GG,AA,GG,--,CC
IRBLks-F5,GG,--,AA,TT,AA,GG,GG,GG,AA,GG,GG,AA
IRBLsh-S,--,AA,AA,TT,TT,GG,GG,GG,--,GG,GG,AA
IRBLta-K1,--,--,AA,TT,AA,GG,GG,GG,AA,AA,GG,AA
IRBLz5-CA,--,AG,AA,TT,AA,GG,GG,GG,AA,AA,GG,AA
IRBLz-Fu,--,AG,AA,TT,AA,AA,AG,GG,--,GG,GG,CC
IRBLzt-T,GG,--,AA,TT,TT,AA,GG,GG,GG,GG,--,AC
US2,GG,GG,AA,--,AA,AA,GG,AA,AA,GG,AG,CC
KA-M-1,AA,GG,AA,TT,AA,AA,GG,AA,AA,GG,AA,CC
KA-M-2,AA,GG,AA,TT,AA,AA,GG,GG,GG,GG,AA,CC
BM10-DH,AA,GG,TT,AA,AA,AA,GG,GG,AA,GG,AA,CC
BM11-DH,GG,AG,AA,--,--,AA,GG,GG,AA,GG,--,CC
BM1-DH,AA,GG,TT,AA,AA,AA,GG,GG,AA,GG,AA,CC
BM2-DH,AA,GG,TT,AA,AA,AA,GG,GG,AA,GG,AA,CC
BM3-DH,AA,GG,TT,AA,AA,AA,GG,GG,AA,GG,AA,CC
BM4-DH,AA,GG,TT,AA,AA,AA,GG,GG,AA,GG,AA,CC
BM6-DH,AA,GG,TT,AA,AA,AA,GG,GG,AA,GG,AA,CC
BM8-DH,AA,GG,TT,AA,AA,AA,GG,GG,AA,GG,AA,CC
BM9-DH,AA,GG,TT,AA,AA,AA,GG,GG,AA,GG,AA,CC
IRBB10,GG,GG,AA,AA,TT,AA,GG,GG,AA,GG,AA,CC
IRBB11,GG,--,AA,TT,AA,AA,GG,GG,AA,GG,AA,CC
IRBB13,AA,GG,AA,TT,TT,AA,GG,AA,AA,GG,AA,CC
IRBB14,GG,AG,AA,TT,AA,AA,GG,GG,AA,GG,AA,CC
IRBB21,GG,GG,AA,TT,AA,AA,GG,GG,AA,GG,AA,CC
IRBB3,AA,AG,AA,AT,AT,AA,--,AG,AA,GG,--,CC
IRBB4,AA,GG,AA,--,AA,AA,GG,AA,AA,GG,AG,CC
IRBB50,GG,GG,AA,TT,TT,AA,AA,GG,AA,GG,AA,CC
IRBB51,GG,AG,AA,TT,AA,AA,GG,GG,AA,GG,AA,CC
IRBB52,GG,GG,AA,TT,AA,AA,GG,GG,AA,GG,AA,CC
IRBB53,GG,GG,AA,TT,AA,AA,GG,GG,AA,GG,AA,CC
IRBB54,GG,GG,AA,TT,AA,AA,GG,GG,AA,GG,AA,CC
IRBB56,GG,GG,AA,TT,AA,AA,GG,GG,AA,GG,AA,CC
IRBB57,GG,GG,AA,AT,AT,AA,GG,GG,AA,GG,--,CC
IRBB58,GG,GG,AA,TT,AA,AA,AA,GG,AA,GG,AA,CC
IRBB64,GG,GG,AA,TT,AA,AA,GG,GG,AA,GG,AA,CC
IRBB66,GG,GG,AA,TT,AA,AA,GG,GG,AA,GG,AA,CC
IRBB7,GG,--,AA,TT,AA,AA,GG,GG,AA,GG,AA,CC
IRBB8,GG,GG,AA,AT,--,AA,GG,GG,AA,GG,--,CC
TN1,AA,AA,AA,TT,AA,AA,GG,GG,GG,GG,AA,CC
30--Bio9-AC- BLB05,GG,AG,AA,AA,TT,AG,GG,GG,GG,GG,AA,CC
31--Bio34-AC- BLB05,AA,AG,AT,AT,AT,AG,GG,GG,AG,GG,AA,CC
32--Bio37-AC- BLB05,AG,AG,AA,AA,AT,AA,GG,AG,AA,AG,AA,CC
IPBM-32-1-2-1-2,GG,AA,AA,TT,AA,GG,GG,GG,GG,GG,--,CC
IPBM-32-1-2-3-2,GG,GG,AA,TT,AT,AG,GG,AG,AA,GG,--,CC
BMIP-18-4-4-2,GG,GG,AA,TT,TT,AG,GG,GG,AA,GG,--,CC
BMIP-20-2-1-1-1,GG,GG,AA,AA,TT,AG,GG,GG,AA,GG,--,CC
BMIP-24-4-3-1,GG,GG,AA,TT,TT,GG,GG,GG,AA,AA,GG,AA
BMIP-27-27-3-1-1,AA,GG,AA,TT,TT,AG,AA,AA,AA,GG,--,CC
BMIP-31,AA,AG,AA,AA,AA,AA,GG,GG,AA,GG,--,CC
BMIP-40,GG,GG,AA,AT,AT,AA,GG,AG,AA,GG,AA,CC
BMIP-42,GG,GG,AA,AA,AA,AA,GG,GG,AA,GG,AA,CC
BMIP-46-4-1,GG,GG,AA,TT,TT,GG,GG,GG,GG,GG,GG,AA
BMIP-53,GG,AA,AA,AA,TT,AA,GG,GG,AA,GG,AA,CC
BMIP-60,GG,AA,AA,AA,AT,AA,GG,GG,AA,GG,--,CC
BMIP-32,AA,--,AA,AA,AA,AA,GG,GG,AA,GG,--,CC
BMIP-33,AA,GG,AA,AT,--,AA,GG,GG,AA,AG,--,CC
BMIP-37,AA,--,AA,--,--,AA,GG,--,AA,--,--,CC
BMIP-41,AG,AG,AA,AT,--,AA,GG,AG,GG,--,--,AC
BMIP-47,AA,GG,AA,--,AA,AA,GG,GG,AA,GG,--,CC
BMIP-50,AA,GG,AA,--,--,AA,GG,GG,AA,AG,--,CC
BMIP-51,AG,--,AA,TT,--,AG,GG,GG,AG,GG,AG,CC
BMIP-52,GG,AA,AA,AT,AA,AA,GG,AA,AA,GG,--,CC
BMIP-54,AG,GG,AA,AT,AT,AA,GG,GG,AG,GG,--,CC
BMIP-55,AG,GG,AA,TT,TT,AG,GG,GG,GG,GG,--,CC
BMIP-56,GG,GG,AA,AA,AA,AA,GG,GG,AA,GG,AG,CC
BMIP-57,GG,AA,AA,AT,AT,AA,GG,GG,AA,GG,--,CC
BMIP-58,GG,AA,AA,AT,AT,AA,GG,GG,AA,GG,--,CC
44a--Bio127-BC-Wbc(A),GG,GG,AA,AA,AA,AG,GG,GG,AA,GG,--,CC
44b--Bio127-BC-Wbc(B),GG,GG,AA,AA,AA,AG,GG,GG,AA,GG,--,CC
45--Bio128-BC-Wbc,AA,GG,AA,AA,AA,AG,GG,GG,AA,GG,--,CC
46--Bio129-BC-Wbc,AG,GG,AA,AA,AT,AA,GG,GG,AA,GG,AG,AC
48--Bio131-BC-Wbc,GG,AG,AA,TT,AA,AA,GG,AG,AG,GG,AA,CC
ARC10550,AA,--,AA,--,AT,AA,GG,GG,AA,AA,--,AA
ASD7,AG,GG,AT,AT,AT,AA,GG,GG,AG,GG,--,CC
Babawee,GG,GG,AA,TT,AA,AA,GG,GG,AA,GG,AA,CC
Mudgo,AA,GG,AA,AA,TT,AA,GG,AA,GG,GG,AA,CC
Pokali,GG,GG,AA,AA,AA,AG,GG,GG,AA,GG,--,CC
PTB33_6924950057_R07C04,GG,GG,AA,AA,TT,AA,GG,GG,GG,GG,AA,CC
PTB33_6924950112_R05C03,AG,--,AA,--,--,AA,GG,AG,AG,--,--,CC
Careon,GG,GG,AA,AA,TT,AG,GG,GG,AA,GG,--,CC
39--Bio112-BC-Blas-P,AG,AG,AA,AT,AT,AA,GG,GG,AG,GG,AA,CC
40--Bio113-BC-Blas-P,GG,AG,AA,TT,TT,AA,GG,GG,AA,GG,AA,CC
41--Bio114-BC-Blas-P,GG,AA,AA,TT,AA,AG,GG,GG,GG,AA,GG,CC
Aek Sibundong,GG,GG,AA,AA,TT,AA,GG,GG,AA,GG,AA,CC
Beras merah_D1,AA,AA,AA,TT,AA,AA,GG,GG,AA,GG,AA,CC
Beras merah_D2,GG,AA,AA,TT,TT,AG,GG,GG,AA,GG,GG,AA
Beras merah_D3,GG,GG,AA,AA,AA,AG,GG,GG,AA,GG,--,CC
Beras merah_D4,AA,AA,AA,TT,AA,AA,GG,GG,AA,GG,GG,CC
Beras merah_D5,GG,AA,AA,TT,TT,GG,GG,GG,AA,GG,--,CC
Andel Merah,GG,GG,AA,AA,TT,AA,GG,GG,AA,GG,AA,CC
Cempo Merah,GG,GG,AA,AT,TT,AG,GG,GG,AA,GG,--,CC
Adan kelabit,AA,AG,AA,AA,AA,AA,GG,GG,AA,GG,AG,CC
Aek metan,GG,GG,AA,TT,AA,AG,GG,GG,AA,GG,--,CC
Aen Metan (NTB),AA,GG,AA,AA,--,AA,GG,GG,GG,AG,--,CC
Ase Pulut Jawa,AA,GG,AA,AA,AA,AA,GG,AG,AA,GG,AA,CC
Azelapan,GG,AA,AA,TT,AA,AG,GG,GG,AA,AA,GG,AA
